UserID,Age,Gender
1,20-35,Female
2,12-20,Male
3,35-60,Others
4,20-35,Female
5,20-35,Female
6,20-35,Male
7,20-35,Female
8,20-35,Female
9,20-35,Female
10,20-35,Female
11,20-35,Female
12,20-35,Female
13,20-35,Female
14,20-35,Female
15,20-35,Female
16,20-35,Female
17,20-35,Female
18,20-35,Female
19,20-35,Female
20,20-35,Female
21,20-35,Female
22,20-35,Male
23,20-35,Female
24,20-35,Female
25,20-35,Male
26,20-35,Female
27,12-20,Male
28,35-60,Male
29,20-35,Female
30,20-35,Female
31,20-35,Female
32,20-35,Male
33,12-20,Male
34,12-20,Male
35,20-35,Female
36,12-20,Male
37,20-35,Female
38,20-35,Female
39,12-20,Female
40,12-20,Female
41,12-20,Female
42,12-20,Male
43,12-20,Female
44,12-20,Male
45,20-35,Female
46,20-35,Male
47,12-20,Male
48,35-60,Male
49,20-35,Female
50,20-35,Male
51,20-35,Male
52,12-20,Female
53,20-35,Male
54,20-35,Female
55,20-35,Female
56,12-20,Female
57,20-35,Male
58,20-35,Female
59,20-35,Female
60,20-35,Male
61,20-35,Male
62,20-35,Male
63,20-35,Male
64,20-35,Female
65,12-20,Male
66,20-35,Male
67,20-35,Male
68,20-35,Male
69,20-35,Female
70,20-35,Female
71,20-35,Female
72,20-35,Female
73,20-35,Female
74,20-35,Female
75,12-20,Female
76,20-35,Others
77,20-35,Female
78,35-60,Male
79,12-20,Female
80,12-20,Female
81,20-35,Female
82,12-20,Female
83,35-60,Male
84,12-20,Others
85,20-35,Female
86,20-35,Male
87,12-20,Male
88,20-35,Female
89,20-35,Female
90,35-60,Others
91,20-35,Female
92,20-35,Female
93,20-35,Female
94,12-20,Female
95,20-35,Female
96,20-35,Male
97,20-35,Male
98,20-35,Female
99,20-35,Female
100,20-35,Female
101,20-35,Male
102,20-35,Female
103,20-35,Female
104,20-35,Male
105,20-35,Female
106,20-35,Female
107,20-35,Male
108,20-35,Female
109,20-35,Female
110,20-35,Female
111,20-35,Male
112,20-35,Female
113,20-35,Female
114,20-35,Female
115,20-35,Female
116,20-35,Female
117,20-35,Male
118,20-35,Male
119,20-35,Female
120,20-35,Female
121,20-35,Female
122,20-35,Male
123,20-35,Female
124,20-35,Female
125,20-35,Female
126,20-35,Female
127,12-20,Female
128,20-35,Female
129,20-35,Female
130,20-35,Female
131,20-35,Female
132,20-35,Female
133,20-35,Male
134,20-35,Female
135,20-35,Male
136,20-35,Male
137,35-60,Male
138,20-35,Female
139,20-35,Male
140,20-35,Female
141,20-35,Male
142,35-60,Female
143,20-35,Female
144,20-35,Female
145,20-35,Female
146,20-35,Male
147,12-20,Male
148,20-35,Male
149,20-35,Female
150,20-35,Female
151,20-35,Female
152,20-35,Female
153,20-35,Female
154,20-35,Female
155,20-35,Male
156,20-35,Female
157,20-35,Male
158,20-35,Male
159,20-35,Male
160,20-35,Female
161,20-35,Male
162,20-35,Male
163,20-35,Female
164,20-35,Female
165,20-35,Female
166,12-20,Female
167,20-35,Female
168,12-20,Female
169,12-20,Female
170,12-20,Female
171,20-35,Female
172,20-35,Female
173,12-20,Female
174,6-12,Female
175,20-35,Female
176,35-60,Male
177,12-20,Male
178,12-20,Female
179,20-35,Female
180,20-35,Female
181,35-60,Female
182,20-35,Female
183,12-20,Female
184,35-60,Others
185,20-35,Female
186,20-35,Others
187,35-60,Female
188,12-20,Male
189,35-60,Male
190,20-35,Female
191,20-35,Male
192,20-35,Male
193,35-60,Female
194,20-35,Female
195,20-35,Female
196,35-60,Female
197,20-35,Female
198,20-35,Female
199,20-35,Female
200,20-35,Male
201,20-35,Male
202,20-35,Female
203,20-35,Female
204,20-35,Female
205,20-35,Male
206,20-35,Male
207,20-35,Male
208,20-35,Female
209,20-35,Female
210,20-35,Female
211,20-35,Male
212,20-35,Female
213,20-35,Female
214,20-35,Female
215,20-35,Male
216,20-35,Male
217,20-35,Female
218,20-35,Female
219,20-35,Female
220,20-35,Male
221,20-35,Male
222,20-35,Female
223,20-35,Female
224,20-35,Female
225,20-35,Female
226,20-35,Female
227,20-35,Female
228,20-35,Female
229,20-35,Male
230,20-35,Male
231,20-35,Male
232,20-35,Male
233,20-35,Female
234,20-35,Female
235,20-35,Female
236,20-35,Female
237,20-35,Female
238,20-35,Female
239,20-35,Female
240,20-35,Female
241,20-35,Female
242,20-35,Female
243,20-35,Female
244,20-35,Female
245,12-20,Male
246,12-20,Male
247,20-35,Female
248,20-35,Female
249,20-35,Male
250,20-35,Male
251,20-35,Female
252,20-35,Female
253,20-35,Female
254,20-35,Female
255,20-35,Male
256,20-35,Female
257,20-35,Female
258,20-35,Female
259,20-35,Male
260,20-35,Female
261,12-20,Male
262,20-35,Female
263,20-35,Female
264,20-35,Female
265,20-35,Female
266,20-35,Female
267,20-35,Female
268,20-35,Female
269,20-35,Female
270,20-35,Female
271,20-35,Female
272,20-35,Female
273,20-35,Female
274,12-20,Female
275,20-35,Female
276,12-20,Female
277,20-35,Female
278,20-35,Female
279,12-20,Female
280,12-20,Female
281,12-20,Female
282,20-35,Female
283,20-35,Female
284,20-35,Female
285,20-35,Female
286,20-35,Others
287,20-35,Female
288,20-35,Female
289,20-35,Female
290,20-35,Female
291,12-20,Female
292,12-20,Female
293,20-35,Female
294,35-60,Female
295,35-60,Female
296,35-60,Female
297,20-35,Female
298,12-20,Female
299,20-35,Female
300,12-20,Female
301,20-35,Female
302,35-60,Female
303,20-35,Female
304,20-35,Male
305,20-35,Female
306,20-35,Female
307,20-35,Female
308,20-35,Female
309,20-35,Female
310,20-35,Female
311,20-35,Female
312,20-35,Female
313,12-20,Female
314,20-35,Female
315,20-35,Others
316,12-20,Female
317,20-35,Female
318,20-35,Female
319,20-35,Female
320,12-20,Female
321,12-20,Female
322,20-35,Female
323,20-35,Female
324,20-35,Female
325,20-35,Female
326,20-35,Female
327,20-35,Female
328,20-35,Female
329,20-35,Female
330,20-35,Male
331,20-35,Female
332,20-35,Female
333,20-35,Female
334,20-35,Female
335,20-35,Female
336,20-35,Female
337,20-35,Female
338,20-35,Male
339,20-35,Female
340,20-35,Female
341,12-20,Male
342,20-35,Female
343,20-35,Female
344,20-35,Female
345,20-35,Female
346,20-35,Female
347,20-35,Female
348,20-35,Female
349,20-35,Female
350,20-35,Female
351,20-35,Female
352,20-35,Female
353,20-35,Female
354,20-35,Female
355,20-35,Female
356,20-35,Female
357,20-35,Female
358,20-35,Female
359,20-35,Female
360,20-35,Female
361,20-35,Male
362,20-35,Female
363,20-35,Male
364,60+,Female
365,20-35,Female
366,20-35,Male
367,20-35,Female
368,20-35,Female
369,20-35,Female
370,20-35,Female
371,20-35,Female
372,12-20,Male
373,20-35,Male
374,20-35,Female
375,20-35,Female
376,20-35,Female
377,20-35,Female
378,20-35,Female
379,20-35,Female
380,20-35,Female
381,20-35,Female
382,20-35,Male
383,20-35,Female
384,20-35,Female
385,12-20,Female
386,20-35,Female
387,20-35,Female
388,20-35,Female
389,20-35,Female
390,20-35,Female
391,20-35,Female
392,20-35,Female
393,20-35,Female
394,20-35,Female
395,20-35,Female
396,20-35,Female
397,12-20,Female
398,20-35,Female
399,20-35,Female
400,20-35,Male
401,20-35,Female
402,20-35,Female
403,20-35,Male
404,20-35,Female
405,20-35,Female
406,20-35,Male
407,20-35,Female
408,20-35,Female
409,20-35,Female
410,20-35,Male
411,12-20,Female
412,12-20,Female
413,20-35,Female
414,20-35,Female
415,20-35,Female
416,35-60,Male
417,20-35,Female
418,20-35,Female
419,20-35,Female
420,20-35,Female
421,20-35,Female
422,20-35,Female
423,20-35,Female
424,20-35,Female
425,20-35,Male
426,20-35,Female
427,20-35,Female
428,20-35,Female
429,12-20,Female
430,20-35,Male
431,20-35,Female
432,20-35,Female
433,20-35,Female
434,20-35,Female
435,20-35,Female
436,20-35,Female
437,20-35,Female
438,20-35,Female
439,20-35,Male
440,20-35,Female
441,20-35,Female
442,20-35,Male
443,20-35,Female
444,20-35,Female
445,20-35,Female
446,20-35,Female
447,20-35,Female
448,20-35,Female
449,20-35,Female
450,20-35,Male
451,20-35,Female
452,20-35,Female
453,20-35,Female
454,20-35,Female
455,20-35,Female
456,20-35,Female
457,20-35,Female
458,20-35,Female
459,20-35,Female
460,20-35,Male
461,20-35,Male
462,20-35,Female
463,20-35,Female
464,20-35,Female
465,12-20,Others
466,12-20,Female
467,12-20,Female
468,12-20,Female
469,20-35,Female
470,20-35,Female
471,20-35,Others
472,20-35,Female
473,20-35,Female
474,35-60,Female
475,35-60,Female
476,20-35,Others
477,20-35,Female
478,12-20,Female
479,35-60,Female
480,20-35,Female
481,20-35,Female
482,20-35,Male
483,20-35,Female
484,12-20,Male
485,20-35,Others
486,20-35,Female
487,12-20,Female
488,12-20,Female
489,12-20,Female
490,20-35,Male
491,20-35,Female
492,20-35,Female
493,6-12,Others
494,12-20,Male
495,6-12,Others
496,20-35,Female
497,20-35,Male
498,20-35,Male
499,20-35,Female
500,20-35,Female
501,20-35,Female
502,12-20,Male
503,12-20,Female
504,12-20,Others
505,12-20,Male
506,20-35,Female
507,20-35,Male
508,20-35,Female
509,12-20,Female
510,20-35,Female
511,20-35,Male
512,20-35,Female
513,20-35,Female
514,20-35,Female
515,20-35,Female
516,20-35,Female
517,20-35,Female
518,20-35,Female
519,20-35,Female
520,20-35,Female
